<?xml version="1.0" encoding="utf-8"?>
<install version="1.5" type="plugin" group="editors-xtd">
	<name>Button - Delivery condition</name>
	<author>Joomla! Project</author>
	<creationDate>March 2006</creationDate>
	<copyright>Copyright (C) 2005 - 2010 Open Source Matters. All rights reserved.</copyright>
	<license>http://www.gnu.org/licenses/gpl-2.0.html GNU/GPL</license>
	<authorEmail>admin@joomla.org</authorEmail>
	<authorUrl>www.joomla.org</authorUrl>
	<version>1.5</version>
	<description>Delivery condition button</description>
	<files>
		<filename plugin="deliverycondition_button">deliverycondition_button.php</filename>
	</files>
	<params />
</install>

